<?xml version="1.0" encoding="UTF-8"?>
<!--Sample XML file generated by XMLSpy v2009 (http://www.altova.com)-->
<po:PurchaseOrder xsi:schemaLocation="http://xmlns.oracle.com/ns/order po.xsd" xmlns:xsi="http://www.w3.org/2001/XMLSchema-instance" xmlns:po="http://xmlns.oracle.com/ns/order">
	<po:CustID>1111</po:CustID>
	<po:ID>PO22345</po:ID>
	<po:productName>Laptop2</po:productName>
	<po:itemType>Electronics</po:itemType>
	<po:price>250.00</po:price>
	<po:quantity>10</po:quantity>
	<po:status>Initial</po:status>
	<po:ccType>Visa</po:ccType>
	<po:ccNumber>1234-1234-1234-1234</po:ccNumber>
</po:PurchaseOrder>
